Disease,Positives,Negatives,AUROC,AUPRC,Acc@0.5,Prec@0.5,Rec@0.5,F1@0.5,TP,FP,TN,FN
Atelectasis,4,25,0.77,0.3526785714285714,0.13793103448275862,0.13793103448275862,1.0,0.24242424242424243,4,25,0,0
Cardiomegaly,4,25,0.95,0.8125,0.13793103448275862,0.13793103448275862,1.0,0.24242424242424243,4,25,0,0
Consolidation,4,25,0.9,0.6,0.13793103448275862,0.13793103448275862,1.0,0.24242424242424243,4,25,0,0
Edema,4,25,0.87,0.4125,0.13793103448275862,0.13793103448275862,1.0,0.24242424242424243,4,25,0,0
Pleural Effusion,4,25,0.87,0.4154761904761905,0.13793103448275862,0.13793103448275862,1.0,0.24242424242424243,4,25,0,0
