Disease,Positives,Negatives,AUROC,AUPRC,Acc@0.5,Prec@0.5,Rec@0.5,F1@0.5,TP,FP,TN,FN
Atelectasis,10,44,0.8545454545454546,0.7392923836201146,0.18518518518518517,0.18518518518518517,1.0,0.3125,10,44,0,0
Cardiomegaly,12,42,0.7579365079365079,0.5945469999041428,0.2222222222222222,0.2222222222222222,1.0,0.36363636363636365,12,42,0,0
Consolidation,18,36,0.5432098765432098,0.4275648091304752,0.3333333333333333,0.3333333333333333,1.0,0.5,18,36,0,0
Edema,9,45,0.7259259259259259,0.4802999788122907,0.16666666666666666,0.16666666666666666,1.0,0.2857142857142857,9,45,0,0
Pleural Effusion,36,18,0.6111111111111112,0.7785368984423714,0.6666666666666666,0.6666666666666666,1.0,0.8,36,18,0,0
