Class,Support,Accuracy,Precision,Recall,F1
Atelectasis,4,0.5,0.3333333333333333,0.5,0.4
Cardiomegaly,4,1.0,1.0,1.0,1.0
Consolidation,4,0.25,0.5,0.25,0.3333333333333333
Edema,4,0.25,0.3333333333333333,0.25,0.2857142857142857
Pleural Effusion,4,1.0,0.2857142857142857,1.0,0.4444444444444444
Others,9,0.0,0.0,0.0,0.0
