Disease,Positives,Negatives,AUROC,AUPRC,Acc@0.5,Prec@0.5,Rec@0.5,F1@0.5,TP,FP,TN,FN
Atelectasis,10,44,0.8181818181818181,0.6276161616161615,0.18518518518518517,0.18518518518518517,1.0,0.3125,10,44,0,0
Cardiomegaly,12,42,0.7222222222222222,0.6059359066235039,0.2222222222222222,0.2222222222222222,1.0,0.36363636363636365,12,42,0,0
Consolidation,18,36,0.5848765432098765,0.45904643819093344,0.3333333333333333,0.3333333333333333,1.0,0.5,18,36,0,0
Edema,9,45,0.6419753086419753,0.4574874327919732,0.16666666666666666,0.16666666666666666,1.0,0.2857142857142857,9,45,0,0
Pleural Effusion,36,18,0.6388888888888888,0.8001506897667057,0.6666666666666666,0.6666666666666666,1.0,0.8,36,18,0,0
